{"loss": [0.3265388011932373, 0.05437953397631645, 0.045136984437704086, 0.0321451760828495, 0.027440037578344345, 0.024011319503188133, 0.02137361280620098, 0.018705271184444427, 0.016599535942077637, 0.014720074832439423, 0.0134512260556221, 0.011892825365066528, 0.010648411698639393, 0.009646150283515453, 0.008547519333660603, 0.007910829037427902, 0.007095634937286377, 0.006507223471999168, 0.006039923056960106, 0.005451302509754896, 0.005292714107781649, 0.004686264321208, 0.0047599030658602715, 0.004305534064769745, 0.0038523715920746326, 0.003578163916245103, 0.003563378471881151, 0.0032803546637296677, 0.0031421666499227285, 0.003122864058241248, 0.0029019012581557035, 0.002719866344705224, 0.0025540399365127087, 0.002417023526504636, 0.0023868076968938112, 0.002241389360278845, 0.002317606471478939, 0.002120750956237316, 0.0019173403270542622, 0.0018394875805824995, 0.0019147410057485104, 0.002002050168812275, 0.0016919131157919765, 0.0016500939382240176, 0.001670016790740192, 0.0015483387978747487, 0.0014314069412648678, 0.0014330102130770683, 0.0013037936296314, 0.001284457859583199, 0.001332350424490869, 0.001166794914752245, 0.0010945593239739537, 0.0010815650457516313, 0.0009947378421202302, 0.0009759992244653404, 0.0009554380085319281, 0.0008916219812817872, 0.000858473707921803, 0.0008157736738212407, 0.0008256951114162803, 0.0007633569766767323, 0.0007774907862767577, 0.0007154923514463007, 0.0006635465542785823, 0.0006478226860053837, 0.0006176615715958178, 0.0006082948530092835, 0.0006125469808466733, 0.0005572499358095229, 0.0005911720218136907, 0.0005214132252149284, 0.000505551346577704, 0.000493070634547621, 0.0004936979967169464, 0.00044156465446576476, 0.0004591083852574229, 0.0004546171403490007, 0.0004024203517474234, 0.00035991764161735773, 0.0003597337054088712, 0.00033206745865754783, 0.0003197703044861555, 0.00030650588450953364, 0.00029635956161655486, 0.0003651152946986258, 0.0003017547423951328, 0.0002956355456262827, 0.0002857545914594084, 0.00024466481409035623, 0.00021108244254719466, 0.00020335969747975469, 0.00019386356871109456, 0.00020331837004050612, 0.00019114211318083107, 0.0001943019451573491, 0.00014837532944511622, 0.0001361096219625324, 0.00013117679918650538, 0.00012033489474561065], "val_loss": [0.09405491501092911, 0.0732588917016983, 0.05709346383810043, 0.05290405452251434, 0.04456164315342903, 0.0389498695731163, 0.03529924526810646, 0.030668150633573532, 0.02771253138780594, 0.025325903668999672, 0.022786639630794525, 0.020747320726513863, 0.01869237795472145, 0.017102893441915512, 0.015535888262093067, 0.014654724858701229, 0.013769402168691158, 0.0131091782823205, 0.012112004682421684, 0.011475944891571999, 0.010289694182574749, 0.009789889678359032, 0.009316928684711456, 0.008834120817482471, 0.008405954577028751, 0.008008424192667007, 0.007900873199105263, 0.007282793056219816, 0.007059278432279825, 0.006734373513609171, 0.0064382427372038364, 0.0064459978602826595, 0.005979032721370459, 0.006013786885887384, 0.005639653652906418, 0.0057032788172364235, 0.00563634280115366, 0.005247682332992554, 0.004808741621673107, 0.004661692306399345, 0.004645350389182568, 0.004958211909979582, 0.004013873636722565, 0.004248358774930239, 0.0039277286268770695, 0.0038679586723446846, 0.004086070228368044, 0.003724450711160898, 0.003668053075671196, 0.003462147666141391, 0.0034595050383359194, 0.0034651041496545076, 0.003314265515655279, 0.003357465611770749, 0.0031199392396956682, 0.0030589124653488398, 0.0030447756871581078, 0.0029259503353387117, 0.0028059969190508127, 0.002872949233278632, 0.00280458340421319, 0.0026134729851037264, 0.0024259292986243963, 0.002559546148404479, 0.0024722269736230373, 0.0022929648403078318, 0.00218332652002573, 0.0022390608210116625, 0.002108711516484618, 0.0021131925750523806, 0.00209403014741838, 0.00206011813133955, 0.001887271529994905, 0.0017425455152988434, 0.0017872740281745791, 0.001668000710196793, 0.0017250243108719587, 0.0015277920756489038, 0.0014044077834114432, 0.0013588067376986146, 0.001267712563276291, 0.0012531880056485534, 0.0011514811776578426, 0.0010988579597324133, 0.001307276077568531, 0.0010251590283587575, 0.00094154680846259, 0.001023758901283145, 0.0008751227869652212, 0.0006714678020216525, 0.0006321724504232407, 0.000636111362837255, 0.0006952318362891674, 0.0006354629877023399, 0.0005735851591452956, 0.0005487051093950868, 0.0005462787812575698, 0.000502779264934361, 0.0005013999762013555, 0.00043515683501027524]}