{
  "dataset_name": "FloodDataset.csv",
  "total_records": 115,
  "total_features": 12,
  "train_size": 92,
  "test_size": 23,
  "columns": [
    "SUBDIVISION",
    "YEAR",
    "JAN",
    "FEB",
    "MAR",
    "APR",
    "MAY",
    "JUN",
    "JUL",
    "AUG",
    "SEP",
    "OCT",
    "NOV",
    "DEC",
    "water_level"
  ],
  "years": [
    1901,
    1902,
    1903,
    1904,
    1905,
    1906,
    1907,
    1908,
    1909,
    1910,
    1911,
    1912,
    1913,
    1914,
    1915,
    1916,
    1917,
    1918,
    1919,
    1920,
    1921,
    1922,
    1923,
    1924,
    1925,
    1926,
    1927,
    1928,
    1929,
    1930,
    1931,
    1932,
    1933,
    1934,
    1935,
    1936,
    1937,
    1938,
    1939,
    1940,
    1941,
    1942,
    1943,
    1944,
    1945,
    1946,
    1947,
    1948,
    1949,
    1950,
    1951,
    1952,
    1953,
    1954,
    1955,
    1956,
    1957,
    1958,
    1959,
    1960,
    1961,
    1962,
    1963,
    1964,
    1965,
    1966,
    1967,
    1968,
    1969,
    1970,
    1971,
    1972,
    1973,
    1974,
    1975,
    1976,
    1977,
    1978,
    1979,
    1980,
    1981,
    1982,
    1983,
    1984,
    1985,
    1986,
    1987,
    1988,
    1989,
    1990,
    1991,
    1992,
    1993,
    1994,
    1995,
    1996,
    1997,
    1998,
    1999,
    2000,
    2001,
    2002,
    2003,
    2004,
    2005,
    2006,
    2007,
    2008,
    2009,
    2010,
    2011,
    2012,
    2013,
    2014,
    2015
  ],
  "ffnn": {
    "accuracy": 87.45912396790446,
    "mse": 131651.8664645286,
    "rmse": 362.8386231708645,
    "r2": -0.05520453090998356,
    "predictions": [
      2383.38916015625,
      2955.967041015625,
      2603.67236328125,
      2473.396484375,
      2786.856201171875,
      2737.252197265625,
      2423.4921875,
      2341.503173828125,
      2465.652099609375,
      2141.40771484375,
      2183.995361328125,
      2455.7138671875,
      2638.541748046875,
      2926.774658203125,
      3070.0185546875,
      2537.225830078125,
      2554.10693359375,
      2571.7548828125,
      2793.2080078125,
      2252.796630859375,
      2932.478759765625,
      2818.39892578125,
      2118.941650390625
    ],
    "true_values": [
      2717.7,
      3410.8,
      2858.8,
      2610.0,
      3252.4,
      3151.5,
      2914.6,
      2412.6,
      2931.1,
      2507.4,
      2394.9,
      2886.1,
      3031.1,
      3420.6,
      3489.6,
      2524.5,
      2810.6,
      3131.8,
      3035.1,
      2151.1,
      3255.4,
      3046.4,
      2600.6
    ]
  },
  "cnn": {
    "accuracy": 89.26380164209365,
    "mse": 96487.782275619,
    "rmse": 310.62482559450876,
    "r2": 0.2266395625912273,
    "predictions": [
      2347.929443359375,
      2984.85888671875,
      2554.1484375,
      2567.873291015625,
      2852.42919921875,
      2940.515869140625,
      2401.310302734375,
      2276.722900390625,
      2595.772705078125,
      2170.650390625,
      2211.9453125,
      2442.848876953125,
      2863.951904296875,
      2976.044189453125,
      3277.002197265625,
      2328.86083984375,
      2544.255615234375,
      2672.512451171875,
      2789.56591796875,
      2179.289794921875,
      2957.500244140625,
      2782.50732421875,
      2368.486572265625
    ],
    "true_values": [
      2717.7,
      3410.8,
      2858.8,
      2610.0,
      3252.4,
      3151.5,
      2914.6,
      2412.6,
      2931.1,
      2507.4,
      2394.9,
      2886.1,
      3031.1,
      3420.6,
      3489.6,
      2524.5,
      2810.6,
      3131.8,
      3035.1,
      2151.1,
      3255.4,
      3046.4,
      2600.6
    ]
  },
  "forecast": {
    "predictions": [
      1790.2164306640625,
      1781.821044921875,
      1786.2965087890625,
      1777.0980224609375,
      1785.3084716796875,
      1787.4671630859375,
      1784.8802490234375,
      1783.6676025390625,
      1784.7227783203125,
      1780.4986572265625,
      1785.4791259765625,
      1787.0115966796875,
      1776.823486328125,
      1782.043212890625,
      1780.84228515625,
      1783.64208984375,
      1784.9677734375,
      1789.4837646484375,
      1785.9339599609375,
      1790.26953125,
      1782.183837890625,
      1778.626708984375,
      1788.56640625,
      1783.7113037109375,
      1787.19091796875,
      1789.18603515625,
      1791.148193359375,
      1786.4998779296875,
      1792.0045166015625,
      1785.2916259765625
    ],
    "years": [
      1996,
      1997,
      1998,
      1999,
      2000,
      2001,
      2002,
      2003,
      2004,
      2005,
      2006,
      2007,
      2008,
      2009,
      2010,
      2011,
      2012,
      2013,
      2014,
      2015,
      2016,
      2017,
      2018,
      2019,
      2020,
      2021,
      2022,
      2023,
      2024,
      2025
    ],
    "source": "testData.csv"
  },
  "forecast_now": {
    "predictions": [
      1786.223876953125,
      1793.6121826171875,
      1805.0736083984375,
      1866.315185546875,
      1946.977783203125,
      1970.427978515625,
      1884.5875244140625,
      1812.3045654296875,
      1793.6121826171875,
      1786.223876953125
    ],
    "years": [
      2026,
      2027,
      2028,
      2029,
      2030,
      2031,
      2032,
      2033,
      2034,
      2035
    ],
    "source": "test_now.csv"
  }
}