{
  "dataset_name": "Station_3.csv",
  "total_records": 125,
  "total_features": 12,
  "train_size": 100,
  "test_size": 25,
  "columns": [
    "SUBDIVISION",
    "YEAR",
    "JAN",
    "FEB",
    "MAR",
    "APR",
    "MAY",
    "JUN",
    "JUL",
    "AUG",
    "SEP",
    "OCT",
    "NOV",
    "DEC",
    "water_level"
  ],
  "years": [
    1901,
    1902,
    1903,
    1904,
    1905,
    1906,
    1907,
    1908,
    1909,
    1910,
    1911,
    1912,
    1913,
    1914,
    1915,
    1916,
    1917,
    1918,
    1919,
    1920,
    1921,
    1922,
    1923,
    1924,
    1925,
    1926,
    1927,
    1928,
    1929,
    1930,
    1931,
    1932,
    1933,
    1934,
    1935,
    1936,
    1937,
    1938,
    1939,
    1940,
    1941,
    1942,
    1943,
    1944,
    1945,
    1946,
    1947,
    1948,
    1949,
    1950,
    1951,
    1952,
    1953,
    1954,
    1955,
    1956,
    1957,
    1958,
    1959,
    1960,
    1961,
    1962,
    1963,
    1964,
    1965,
    1966,
    1967,
    1968,
    1969,
    1970,
    1971,
    1972,
    1973,
    1974,
    1975,
    1976,
    1977,
    1978,
    1979,
    1980,
    1981,
    1982,
    1983,
    1984,
    1985,
    1986,
    1987,
    1988,
    1989,
    1990,
    1991,
    1992,
    1993,
    1994,
    1995,
    1996,
    1997,
    1998,
    1999,
    2000,
    2001,
    2002,
    2003,
    2004,
    2005,
    2006,
    2007,
    2008,
    2009,
    2010,
    2011,
    2012,
    2013,
    2014,
    2015,
    2016,
    2017,
    2018,
    2019,
    2020,
    2021,
    2022,
    2023,
    2024,
    2025
  ],
  "ffnn": {
    "accuracy": 99.73542296126884,
    "mse": 7.359073835611234,
    "rmse": 2.7127612935183283,
    "r2": 0.9740564898116207,
    "predictions": [
      1050.8262939453125,
      1042.5411376953125,
      1028.368896484375,
      1010.8485717773438,
      995.475341796875,
      1033.9085693359375,
      1017.9686889648438,
      990.1900634765625,
      1005.3585815429688,
      1008.6730346679688,
      1017.585693359375,
      1018.444091796875,
      1041.0692138671875,
      1039.593505859375,
      1019.8799438476562,
      996.4826049804688,
      1016.175048828125,
      1042.4698486328125,
      1009.3434448242188,
      1021.0751342773438,
      1058.77392578125,
      1038.260498046875,
      1033.85107421875,
      1034.8604736328125,
      1022.7381591796875
    ],
    "true_values": [
      1052.0,
      1044.0,
      1026.0,
      1009.9999999999999,
      1001.0,
      1034.0,
      1021.0,
      989.9999999999999,
      1007.0,
      1013.9999999999999,
      1017.9999999999999,
      1020.0,
      1047.0,
      1039.0,
      1023.0,
      1001.0,
      1017.9999999999999,
      1044.0,
      1013.9999999999999,
      1021.9999999999999,
      1059.0,
      1040.0,
      1033.0,
      1035.0,
      1021.0
    ]
  },
  "cnn": {
    "accuracy": 99.76509261870632,
    "mse": 5.801124479919599,
    "rmse": 2.4085523618803886,
    "r2": 0.9795488487531461,
    "predictions": [
      1050.1497802734375,
      1045.1982421875,
      1025.79248046875,
      1006.7373657226562,
      999.6128540039062,
      1034.2352294921875,
      1017.3182373046875,
      990.3300170898438,
      1000.3198852539062,
      1012.7883911132812,
      1018.0484619140625,
      1021.73388671875,
      1046.668701171875,
      1038.67529296875,
      1022.0269775390625,
      1000.2282104492188,
      1017.2807006835938,
      1043.8203125,
      1013.2913208007812,
      1019.497314453125,
      1052.75830078125,
      1040.730224609375,
      1033.2691650390625,
      1037.837158203125,
      1018.1627807617188
    ],
    "true_values": [
      1052.0,
      1044.0,
      1026.0,
      1009.9999999999999,
      1001.0,
      1034.0,
      1021.0,
      989.9999999999999,
      1007.0,
      1013.9999999999999,
      1017.9999999999999,
      1020.0,
      1047.0,
      1039.0,
      1023.0,
      1001.0,
      1017.9999999999999,
      1044.0,
      1013.9999999999999,
      1021.9999999999999,
      1059.0,
      1040.0,
      1033.0,
      1035.0,
      1021.0
    ]
  },
  "forecast": {
    "predictions": [
      1046.4520263671875,
      1012.938720703125,
      1025.04736328125,
      994.6232299804688,
      1041.582763671875,
      1050.1497802734375,
      1045.1982421875,
      1025.79248046875,
      1006.7373657226562,
      999.6128540039062,
      1034.2352294921875,
      1017.3182373046875,
      990.3300170898438,
      1000.3198852539062,
      1012.7883911132812,
      1018.0484619140625,
      1021.73388671875,
      1046.668701171875,
      1038.67529296875,
      1022.0269775390625,
      1000.2282104492188,
      1017.2807006835938,
      1043.8203125,
      1013.2913208007812,
      1019.497314453125,
      1052.75830078125,
      1040.730224609375,
      1033.2691650390625,
      1037.837158203125,
      1018.1627807617188
    ],
    "years": [
      1996,
      1997,
      1998,
      1999,
      2000,
      2001,
      2002,
      2003,
      2004,
      2005,
      2006,
      2007,
      2008,
      2009,
      2010,
      2011,
      2012,
      2013,
      2014,
      2015,
      2016,
      2017,
      2018,
      2019,
      2020,
      2021,
      2022,
      2023,
      2024,
      2025
    ],
    "source": "testData.csv"
  },
  "forecast_now": {
    "predictions": [
      1029.16943359375,
      1063.173583984375,
      1104.685546875,
      1284.68359375,
      1464.412841796875,
      1504.0782470703125,
      1315.349853515625,
      1127.3165283203125,
      1063.173583984375,
      1029.16943359375
    ],
    "years": [
      2026,
      2027,
      2028,
      2029,
      2030,
      2031,
      2032,
      2033,
      2034,
      2035
    ],
    "source": "test_now.csv"
  }
}