{
  "dataset_name": "Station_1.csv",
  "total_records": 125,
  "total_features": 12,
  "train_size": 100,
  "test_size": 25,
  "columns": [
    "SUBDIVISION",
    "YEAR",
    "JAN",
    "FEB",
    "MAR",
    "APR",
    "MAY",
    "JUN",
    "JUL",
    "AUG",
    "SEP",
    "OCT",
    "NOV",
    "DEC",
    "water_level"
  ],
  "years": [
    1901,
    1902,
    1903,
    1904,
    1905,
    1906,
    1907,
    1908,
    1909,
    1910,
    1911,
    1912,
    1913,
    1914,
    1915,
    1916,
    1917,
    1918,
    1919,
    1920,
    1921,
    1922,
    1923,
    1924,
    1925,
    1926,
    1927,
    1928,
    1929,
    1930,
    1931,
    1932,
    1933,
    1934,
    1935,
    1936,
    1937,
    1938,
    1939,
    1940,
    1941,
    1942,
    1943,
    1944,
    1945,
    1946,
    1947,
    1948,
    1949,
    1950,
    1951,
    1952,
    1953,
    1954,
    1955,
    1956,
    1957,
    1958,
    1959,
    1960,
    1961,
    1962,
    1963,
    1964,
    1965,
    1966,
    1967,
    1968,
    1969,
    1970,
    1971,
    1972,
    1973,
    1974,
    1975,
    1976,
    1977,
    1978,
    1979,
    1980,
    1981,
    1982,
    1983,
    1984,
    1985,
    1986,
    1987,
    1988,
    1989,
    1990,
    1991,
    1992,
    1993,
    1994,
    1995,
    1996,
    1997,
    1998,
    1999,
    2000,
    2001,
    2002,
    2003,
    2004,
    2005,
    2006,
    2007,
    2008,
    2009,
    2010,
    2011,
    2012,
    2013,
    2014,
    2015,
    2016,
    2017,
    2018,
    2019,
    2020,
    2021,
    2022,
    2023,
    2024,
    2025
  ],
  "ffnn": {
    "accuracy": 99.78836488094551,
    "mse": 4.797584182173014,
    "rmse": 2.1903388281663214,
    "r2": 0.9843112842245969,
    "predictions": [
      986.88232421875,
      1036.8458251953125,
      1020.7611694335938,
      1040.149658203125,
      1064.366943359375,
      1047.45458984375,
      1033.4273681640625,
      1038.446533203125,
      1026.407958984375,
      1024.6282958984375,
      1017.6124877929688,
      1033.435302734375,
      1036.0621337890625,
      1043.191162109375,
      1060.4207763671875,
      1013.2962036132812,
      1032.7901611328125,
      1018.6365356445312,
      1051.0970458984375,
      1026.364501953125,
      1021.6666870117188,
      1044.944580078125,
      1055.070556640625,
      1040.2386474609375,
      1056.2960205078125
    ],
    "true_values": [
      984.0,
      1036.0,
      1021.0,
      1040.0,
      1071.0,
      1047.0,
      1035.0,
      1040.0,
      1028.0,
      1031.0,
      1017.0,
      1031.0,
      1035.0,
      1043.0,
      1061.0,
      1012.0,
      1032.0,
      1018.0,
      1050.0,
      1027.0,
      1021.0,
      1043.0,
      1055.0,
      1041.0,
      1055.0
    ]
  },
  "cnn": {
    "accuracy": 99.77847642503001,
    "mse": 5.2563833776116375,
    "rmse": 2.2926803915093874,
    "r2": 0.9828109519944785,
    "predictions": [
      987.2503051757812,
      1036.4097900390625,
      1022.4848022460938,
      1037.9251708984375,
      1069.0859375,
      1046.77197265625,
      1036.494140625,
      1040.732666015625,
      1025.96923828125,
      1026.548583984375,
      1017.0729370117188,
      1030.672119140625,
      1032.69140625,
      1041.3460693359375,
      1060.5155029296875,
      1016.8792114257812,
      1032.028076171875,
      1019.7262573242188,
      1045.4649658203125,
      1027.53271484375,
      1023.8150024414062,
      1042.731689453125,
      1056.93310546875,
      1042.727294921875,
      1051.397705078125
    ],
    "true_values": [
      984.0,
      1036.0,
      1021.0,
      1040.0,
      1071.0,
      1047.0,
      1035.0,
      1040.0,
      1028.0,
      1031.0,
      1017.0,
      1031.0,
      1035.0,
      1043.0,
      1061.0,
      1012.0,
      1032.0,
      1018.0,
      1050.0,
      1027.0,
      1021.0,
      1043.0,
      1055.0,
      1041.0,
      1055.0
    ]
  },
  "forecast": {
    "predictions": [
      1047.56298828125,
      1013.016357421875,
      1025.6405029296875,
      994.481689453125,
      1042.204345703125,
      1050.900146484375,
      1045.9815673828125,
      1026.1258544921875,
      1007.084716796875,
      999.9822387695312,
      1034.975341796875,
      1018.0361328125,
      990.1947021484375,
      1000.3093872070312,
      1012.9902954101562,
      1018.9389038085938,
      1022.548095703125,
      1047.7288818359375,
      1039.4462890625,
      1022.7622680664062,
      1000.6431884765625,
      1017.6079711914062,
      1044.5238037109375,
      1013.8629760742188,
      1019.8287963867188,
      1054.2344970703125,
      1042.0443115234375,
      1033.77392578125,
      1039.098876953125,
      1018.7207641601562
    ],
    "years": [
      1996,
      1997,
      1998,
      1999,
      2000,
      2001,
      2002,
      2003,
      2004,
      2005,
      2006,
      2007,
      2008,
      2009,
      2010,
      2011,
      2012,
      2013,
      2014,
      2015,
      2016,
      2017,
      2018,
      2019,
      2020,
      2021,
      2022,
      2023,
      2024,
      2025
    ],
    "source": "testData.csv"
  },
  "forecast_now": {
    "predictions": [
      1029.81201171875,
      1064.5723876953125,
      1107.0938720703125,
      1290.52490234375,
      1474.5203857421875,
      1515.12548828125,
      1322.0418701171875,
      1130.27978515625,
      1064.5723876953125,
      1029.81201171875
    ],
    "years": [
      2026,
      2027,
      2028,
      2029,
      2030,
      2031,
      2032,
      2033,
      2034,
      2035
    ],
    "source": "test_now.csv"
  }
}