{
  "dataset_name": "Station_2.csv",
  "total_records": 125,
  "total_features": 12,
  "train_size": 100,
  "test_size": 25,
  "columns": [
    "SUBDIVISION",
    "YEAR",
    "JAN",
    "FEB",
    "MAR",
    "APR",
    "MAY",
    "JUN",
    "JUL",
    "AUG",
    "SEP",
    "OCT",
    "NOV",
    "DEC",
    "water_level"
  ],
  "years": [
    1901,
    1902,
    1903,
    1904,
    1905,
    1906,
    1907,
    1908,
    1909,
    1910,
    1911,
    1912,
    1913,
    1914,
    1915,
    1916,
    1917,
    1918,
    1919,
    1920,
    1921,
    1922,
    1923,
    1924,
    1925,
    1926,
    1927,
    1928,
    1929,
    1930,
    1931,
    1932,
    1933,
    1934,
    1935,
    1936,
    1937,
    1938,
    1939,
    1940,
    1941,
    1942,
    1943,
    1944,
    1945,
    1946,
    1947,
    1948,
    1949,
    1950,
    1951,
    1952,
    1953,
    1954,
    1955,
    1956,
    1957,
    1958,
    1959,
    1960,
    1961,
    1962,
    1963,
    1964,
    1965,
    1966,
    1967,
    1968,
    1969,
    1970,
    1971,
    1972,
    1973,
    1974,
    1975,
    1976,
    1977,
    1978,
    1979,
    1980,
    1981,
    1982,
    1983,
    1984,
    1985,
    1986,
    1987,
    1988,
    1989,
    1990,
    1991,
    1992,
    1993,
    1994,
    1995,
    1996,
    1997,
    1998,
    1999,
    2000,
    2001,
    2002,
    2003,
    2004,
    2005,
    2006,
    2007,
    2008,
    2009,
    2010,
    2011,
    2012,
    2013,
    2014,
    2015,
    2016,
    2017,
    2018,
    2019,
    2020,
    2021,
    2022,
    2023,
    2024,
    2025
  ],
  "ffnn": {
    "accuracy": 99.60542462978952,
    "mse": 16.464566347748057,
    "rmse": 4.057655277096375,
    "r2": 0.9733923371342735,
    "predictions": [
      1016.384033203125,
      1010.2587890625,
      1030.8173828125,
      1061.627685546875,
      1021.490478515625,
      979.6015014648438,
      998.4149169921875,
      1031.1588134765625,
      1023.0023193359375,
      1053.6920166015625,
      1044.9915771484375,
      1030.0050048828125,
      1077.8768310546875,
      1034.8026123046875,
      1018.4015502929688,
      1016.856689453125,
      1030.4508056640625,
      1040.9134521484375,
      995.1825561523438,
      1018.8312377929688,
      1038.1815185546875,
      1006.1643676757812,
      1098.6961669921875,
      989.020751953125,
      1012.2891845703125
    ],
    "true_values": [
      1018.0,
      1022.0,
      1030.0,
      1059.0,
      1024.0,
      976.0,
      1003.0000000000001,
      1032.0,
      1029.0,
      1050.0,
      1047.0,
      1029.0,
      1075.0,
      1034.0,
      1019.0,
      1019.0,
      1032.0,
      1050.0,
      994.9999999999999,
      1019.0,
      1037.0,
      1011.0,
      1093.0,
      991.9999999999999,
      1014.0
    ]
  },
  "cnn": {
    "accuracy": 99.63857368515656,
    "mse": 13.814332039803201,
    "rmse": 3.716763651323985,
    "r2": 0.9776752644517381,
    "predictions": [
      1016.5836791992188,
      1025.1075439453125,
      1030.8961181640625,
      1064.9427490234375,
      1020.896484375,
      980.99560546875,
      997.5216674804688,
      1029.25537109375,
      1031.7633056640625,
      1049.0819091796875,
      1050.6568603515625,
      1024.4320068359375,
      1075.34619140625,
      1034.7030029296875,
      1016.433837890625,
      1019.1895141601562,
      1031.5908203125,
      1052.09326171875,
      985.9987182617188,
      1017.5779418945312,
      1037.037353515625,
      1004.7863159179688,
      1089.776123046875,
      988.1752319335938,
      1009.0743408203125
    ],
    "true_values": [
      1018.0,
      1022.0,
      1030.0,
      1059.0,
      1024.0,
      976.0,
      1003.0000000000001,
      1032.0,
      1029.0,
      1050.0,
      1047.0,
      1029.0,
      1075.0,
      1034.0,
      1019.0,
      1019.0,
      1032.0,
      1050.0,
      994.9999999999999,
      1019.0,
      1037.0,
      1011.0,
      1093.0,
      991.9999999999999,
      1014.0
    ]
  },
  "forecast": {
    "predictions": [
      1047.4605712890625,
      1008.8843383789062,
      1023.2890625,
      988.2280883789062,
      1042.716796875,
      1051.5899658203125,
      1046.3856201171875,
      1024.248291015625,
      1002.4972534179688,
      994.0151977539062,
      1034.037353515625,
      1014.430419921875,
      983.5328979492188,
      995.4259033203125,
      1008.6119384765625,
      1014.9096069335938,
      1019.22900390625,
      1048.041259765625,
      1039.0030517578125,
      1020.0914306640625,
      995.5654907226562,
      1013.600341796875,
      1044.79736328125,
      1009.0206909179688,
      1016.7039794921875,
      1055.22705078125,
      1041.0255126953125,
      1032.4962158203125,
      1037.5318603515625,
      1015.175537109375
    ],
    "years": [
      1996,
      1997,
      1998,
      1999,
      2000,
      2001,
      2002,
      2003,
      2004,
      2005,
      2006,
      2007,
      2008,
      2009,
      2010,
      2011,
      2012,
      2013,
      2014,
      2015,
      2016,
      2017,
      2018,
      2019,
      2020,
      2021,
      2022,
      2023,
      2024,
      2025
    ],
    "source": "testData.csv"
  },
  "forecast_now": {
    "predictions": [
      1028.24462890625,
      1067.1866455078125,
      1114.9537353515625,
      1319.9483642578125,
      1524.2769775390625,
      1569.5631103515625,
      1354.9619140625,
      1140.944091796875,
      1067.1866455078125,
      1028.24462890625
    ],
    "years": [
      2026,
      2027,
      2028,
      2029,
      2030,
      2031,
      2032,
      2033,
      2034,
      2035
    ],
    "source": "test_now.csv"
  }
}